/* Automatisiertes Einfügen von Daten in das Demo Datenmodells
zur Schulung "SQL Script 4 BW Consultants" */
-- Harald Schütt, 27.04.2020
--
-- Daten für Tabelle banks
insert into banks VALUES ('DXIADEBBXXX', 'Helaba Berlin', 60311, 'Frankfurt am Main');
insert into banks VALUES ('DLGHDEB1XXX', 'Eurocity Bank', 60311, 'Frankfurt am Main');
insert into banks VALUES ('DGZFDEFFBER', 'DekaBank', 60040, 'Frankfurt am Main');
insert into banks VALUES ('MACODEB1XXX', 'Westend Bank', 60599, 'Frankfurt am Main');
insert into banks VALUES ('BIWBDE33XXX', 'flatex Bank Frankfurt', 60327, 'Frankfurt am Main');
insert into banks VALUES ('ESSEDEFFHAM', 'SEB Hamburg', 60313, 'Frankfurt am Main');
insert into banks VALUES ('BIWBDE33303', 'flatex Bank Frankfurt', 60327, 'Frankfurt am Main');
insert into banks VALUES ('GABKDE3EXXX', 'NIBC Bank Deutschland', 60311, 'Frankfurt am Main');
insert into banks VALUES ('BNPADEFFXXX', 'BNP Paribas Ndl Deutschland', 60327, 'Frankfurt am Main');
insert into banks VALUES ('MARKDEF1500', 'BBk Filiale Frankfurt Main', 60047, 'Frankfurt am Main');
insert into banks VALUES ('PBNKDEFFXXX', 'Postbank Ndl DB PFK', 60288, 'Frankfurt am Main');
insert into banks VALUES ('ESSEDE5FXXX', 'DSK Hyp', 60313, 'Frankfurt am Main');
insert into banks VALUES ('AKBKDEFFXXX', 'AKBANK', 60310, 'Frankfurt am Main');
insert into banks VALUES ('AARBDE5W500', 'Aareal Bank', 60284, 'Frankfurt am Main');
insert into banks VALUES ('INGDDEFFXXX', 'ING-DiBa Frankfurt am Main', 60628, 'Frankfurt am Main');
insert into banks VALUES ('DEGUDEFFXXX', 'Degussa Bank Frankfurt Main', 60605, 'Frankfurt am Main');
insert into banks VALUES ('BOFADEFXXXX', 'Bankamerica', 60311, 'Frankfurt am Main');
insert into banks VALUES ('BOFADEFXVAM', 'Bank of America', 60311, 'Frankfurt am Main');
insert into banks VALUES ('WUIDDEF1XXX', 'WUIB - Branch Germany', 60486, 'Frankfurt am Main');
insert into banks VALUES ('SEZDDEF1XXX', 'Sberbank Direct Frankfurt', 60594, 'Frankfurt am Main');
insert into banks VALUES ('BHFBDEFF500', 'ODDO BHF Frankfurt Main', 60323, 'Frankfurt am Main');
insert into banks VALUES ('KFWIDEFFXXX', 'KfW Frankfurt', 60046, 'Frankfurt am Main');
insert into banks VALUES ('LAREDEFFXXX', 'Landwirtschaftl Rentenbank', 60014, 'Frankfurt am Main');
insert into banks VALUES ('FBHLDEFFXXX', 'Credit Europe Bank Ffm', 60050, 'Frankfurt am Main');
insert into banks VALUES ('BCITDEFFXXX', 'Intesa Sanpaolo Frankfurt', 60011, 'Frankfurt am Main');
insert into banks VALUES ('INGBDEFFXXX', 'ING Bank Frankfurt', 60486, 'Frankfurt am Main');
insert into banks VALUES ('FFBKDEFFKRN', 'FIL Fondsbank Frankfurt', 60311, 'Frankfurt am Main');
insert into banks VALUES ('HCSEDEF1XXX', 'HCBE Frankfurt am Main', 60327, 'Frankfurt am Main');
insert into banks VALUES ('HKBBDEF1FRA', 'HKB Bank Frankfurt am Main', 60528, 'Frankfurt am Main');
insert into banks VALUES ('PARBDEFFXXX', 'BNP PARIBAS Sec Serv', 60003, 'Frankfurt am Main');
insert into banks VALUES ('DWPBDEFFXXX', 'dwpbank', 60487, 'Frankfurt am Main');
insert into banks VALUES ('ESBKDEFFXXX', 'DenizBank Frankfurt', 60329, 'Frankfurt am Main');
insert into banks VALUES ('TRODDEF1XXX', 'Triodos Bank Deutschland', 60326, 'Frankfurt am Main');
insert into banks VALUES ('SCFBDE33XXX', 'Santander Bank Frankfurt', 60325, 'Frankfurt am Main');
insert into banks VALUES ('ABOCDEFFXXX', 'Agricultural Bank China FRA', 60325, 'Frankfurt am Main');
insert into banks VALUES ('COBADEFFXXX', 'Commerzbank Frankfurt Main', 60005, 'Frankfurt am Main');
insert into banks VALUES ('HELADEFFXXX', 'Ld Bk Hess-Thür Gz Ffm', 60297, 'Frankfurt am Main');
insert into banks VALUES ('HELADEF1822', 'Frankfurter Spk 1822direkt', 60255, 'Frankfurt am Main');
insert into banks VALUES ('DGZFDEFFXXX', 'DekaBank Frankfurt', 60329, 'Frankfurt am Main');
insert into banks VALUES ('GENODE55XXX', 'DZ Bank', 60274, 'Frankfurt am Main');
insert into banks VALUES ('GENODEFFXXX', 'DZ BANK', 60265, 'Frankfurt am Main');
insert into banks VALUES ('DEUTDEFFXXX', 'Deutsche Bank Frankfurt', 60254, 'Frankfurt am Main');
insert into banks VALUES ('DEUTDEFFSIP', 'Deutsche Bank F-SIP', 60329, 'Frankfurt am Main');
insert into banks VALUES ('DEUTDEDBFRA', 'DB PFK (Deutsche Bank PGK)', 60254, 'Frankfurt am Main');
insert into banks VALUES ('DEUTDE5XXXX', 'Deutsche Bank Europe', 60486, 'Frankfurt am Main');
insert into banks VALUES ('DRESDEFFXXX', 'Commerzbank Frankfurt', 60613, 'Frankfurt am Main');
insert into banks VALUES ('GENODEF1S12', 'Sparda-Bank Hessen', 60052, 'Frankfurt am Main');
insert into banks VALUES ('DAAEDED1007', 'apoBank Frankfurt Main', 60061, 'Frankfurt am Main');
insert into banks VALUES ('ICBKDEFFXXX', 'ICBC Frankfurt Main', 60322, 'Frankfurt am Main');
insert into banks VALUES ('DVKBDEFFXXX', 'DVB Frankfurt Main', 60040, 'Frankfurt am Main');
insert into banks VALUES ('AUSKDEFFXXX', 'AKA Ausfuhrkredit Frankfurt', 60001, 'Frankfurt am Main');
insert into banks VALUES ('NATXDEFFXXX', 'NATIXIS Frankfurt am Main', 60322, 'Frankfurt am Main');
insert into banks VALUES ('SCBLDEFXXXX', 'SCB FFM', 60325, 'Frankfurt am Main');
insert into banks VALUES ('FBGADEF1XXX', 'FBG (D)', 60311, 'Frankfurt am Main');
insert into banks VALUES ('CHASDEFXXXX', 'J.P. Morgan Frankfurt', 60311, 'Frankfurt am Main');
insert into banks VALUES ('MAIFDEFFXXX', 'MAINFIRST BANK', 60596, 'Frankfurt am Main');
insert into banks VALUES ('DELBDE33XXX', 'Bethmann Bank Frankfurt', 60329, 'Frankfurt am Main');
insert into banks VALUES ('CRESDE55XXX', 'CSD Frankfurt Main', 60310, 'Frankfurt am Main');
insert into banks VALUES ('COMMDEFFXXX', 'Bank of Communications', 60311, 'Frankfurt am Main');
insert into banks VALUES ('DOBADEF1XXX', 'VTB Direktbank', 60325, 'Frankfurt am Main');
insert into banks VALUES ('BPKODEFFXXX', 'PKO Bank Polski Frankfurt', 60311, 'Frankfurt am Main');
insert into banks VALUES ('NBPADEFFXXX', 'Naba Frankfurt Main', 60313, 'Frankfurt am Main');
insert into banks VALUES ('MEFIDEMM501', 'Merck Finck Privatbankiers', 60015, 'Frankfurt am Main');
insert into banks VALUES ('UBSWDEFFXXX', 'UBS Europe', 60079, 'Frankfurt am Main');
insert into banks VALUES ('ICBVDEFFXXX', 'Vietinbank', 60322, 'Frankfurt am Main');
insert into banks VALUES ('FFVBDEFFXXX', 'Frankfurter Volksbank', 60008, 'Frankfurt am Main');
insert into banks VALUES ('GENODE51FHC', 'VB Höchst a.M.Frankfurt alt', 65929, 'Frankfurt am Main');
insert into banks VALUES ('GENODE51FGH', 'VB Griesheim Ffm -alt-', 65933, 'Frankfurt am Main');
insert into banks VALUES ('RABODEFFTAR', 'Rabobank Frankfurt Main', 60486, 'Frankfurt am Main');
insert into banks VALUES ('RABODEFFDIR', 'RaboDirect Frankfurt Main', 60486, 'Frankfurt am Main');
insert into banks VALUES ('PRCBDEFFXXX', 'ProCredit Bank, Frankfurt', 60486, 'Frankfurt am Main');
insert into banks VALUES ('CITIDEFFXXX', 'CEP Germany Branch', 60038, 'Frankfurt am Main');
insert into banks VALUES ('SMHBDEFFXXX', 'UBS Europe', 60020, 'Frankfurt am Main');
insert into banks VALUES ('INVODEF2XXX', 'Kommunalkredit Deutschland', 60313, 'Frankfurt am Main');
insert into banks VALUES ('HVBKDEFFXXX', 'WOORI BANK', 60308, 'Frankfurt am Main');
insert into banks VALUES ('CAIXDEFFXXX', 'CAIXABANK Zndl Frankfurt', 60311, 'Frankfurt am Main');
insert into banks VALUES ('HAUKDEFFXXX', 'Hauck & Aufhäuser', 60010, 'Frankfurt am Main');
insert into banks VALUES ('ABCADEFFXXX', 'ABC International Bank Ffm', 60311, 'Frankfurt am Main');
insert into banks VALUES ('MSPCDEF1XXX', 'Morgan Stanley Bank Int', 60016, 'Frankfurt am Main');
insert into banks VALUES ('ISBKDEFXXXX', 'Isbank Frankfurt Main', 60022, 'Frankfurt am Main');
insert into banks VALUES ('METZDEFFXXX', 'Bankhaus Metzler Frankfurt', 60329, 'Frankfurt am Main');
insert into banks VALUES ('KTAGDEFFXXX', 'KT Bank Frankfurt', 60327, 'Frankfurt am Main');
insert into banks VALUES ('BARCDEFFXXX', 'Barclays Bank IE, Frankfurt', 60310, 'Frankfurt am Main');
insert into banks VALUES ('PCBCDEFFXXX', 'CCB Frankfurt', 60078, 'Frankfurt am Main');
insert into banks VALUES ('OWHBDEFFXXX', 'VTB Bank (Europe) Ffm', 60325, 'Frankfurt am Main');
insert into banks VALUES ('HYVEDEMM430', 'UniCredit Bank-HypoVereinbk', 60003, 'Frankfurt am Main');
insert into banks VALUES ('BSCHDEFFXXX', 'Banco Santander Ffm', 60003, 'Frankfurt am Main');
insert into banks VALUES ('BCMADEFFXXX', 'Attijariwafa bank Frankfurt', 60329, 'Frankfurt am Main');
insert into banks VALUES ('PICTDEFFXXX', 'Pictet & Cie Europe Ffm', 60311, 'Frankfurt am Main');
insert into banks VALUES ('FTSBDEFAXXX', 'ABN AMRO Bank', 60325, 'Frankfurt am Main');
-- 
-- Daten für Tabelle bp
insert into bp VALUES (BPSequ.nextval, 'Jonah', 'Beams', 'Alt-Moabit 17', RPAD(ROUND(RAND()*99999),5,0), 'Hochstrom');          -- generate primary key by sequence BPSequ
insert into bp VALUES (BPSequ.nextval, 'North', 'Bryett', 'Neue Roßstr. 73', RPAD(ROUND(RAND()*99999),5,0), 'Feuerhöhe');       -- generate primary key by sequence BPSequ
insert into bp VALUES (BPSequ.nextval, 'Brietta', 'Nerney', 'Pasewalker Straße 85', RPAD(ROUND(RAND()*99999),5,0), 'Schwalbensumpf'); -- generate primary key by sequence BPSequ
insert into bp VALUES (BPSequ.nextval, 'Ailis', 'Lampke', 'Leipziger Strasse 34', RPAD(ROUND(RAND()*99999),5,0), 'Wolfsfurt');  -- generate primary key by sequence BPSequ
insert into bp VALUES (BPSequ.nextval, 'Frayda', 'Tolle', 'Gotzkowskystrasse 56', RPAD(ROUND(RAND()*99999),5,0), 'Fuchssteig'); -- generate primary key by sequence BPSequ
insert into bp VALUES (BPSequ.nextval, 'Ferdy', 'Duester', 'Hoheluftchaussee 2', RPAD(ROUND(RAND()*99999),5,0), 'Schönmeer');   -- generate primary key by sequence BPSequ
insert into bp VALUES (BPSequ.nextval, 'Olag', 'Wemes', 'Rohrdamm 32', RPAD(ROUND(RAND()*99999),5,0), 'Kaltenstiege');          -- generate primary key by sequence BPSequ
insert into bp VALUES (BPSequ.nextval, 'Alfredo', 'Orth', 'Eichendorffstr. 45', RPAD(ROUND(RAND()*99999),5,0), 'Klingental');   -- generate primary key by sequence BPSequ
insert into bp VALUES (BPSequ.nextval, 'Sharity', 'Lodwick', 'Bleibtreustrasse 19', RPAD(ROUND(RAND()*99999),5,0), 'Sonnenberge'); -- generate primary key by sequence BPSequ
insert into bp VALUES (BPSequ.nextval, 'Agnese', 'Fideler', 'Genslerstraße 13', RPAD(ROUND(RAND()*99999),5,0), 'Eichenwalde');  -- generate primary key by sequence BPSequ
insert into bp VALUES (BPSequ.nextval, 'Doralin', 'Fernley', 'Luckenwalder Strasse 73', RPAD(ROUND(RAND()*99999),5,0), 'Goldwies'); -- generate primary key by sequence BPSequ
--
-- Daten für Tabelle Accounts
insert into accounts VALUES (AccntsSequ.nextval, 'DXIADEBBXXX', CURRENT_DATE); -- generate primary key by sequence AccntsSequ
insert into accounts VALUES (AccntsSequ.nextval, 'MEFIDEMM501', CURRENT_DATE); -- generate primary key by sequence AccntsSequ
insert into accounts VALUES (AccntsSequ.nextval, 'RABODEFFTAR', CURRENT_DATE); -- generate primary key by sequence AccntsSequ
insert into accounts VALUES (AccntsSequ.nextval, 'DRESDEFFXXX', CURRENT_DATE); -- generate primary key by sequence AccntsSequ
insert into accounts VALUES (AccntsSequ.nextval, 'HELADEFFXXX', CURRENT_DATE); -- generate primary key by sequence AccntsSequ
insert into accounts VALUES (AccntsSequ.nextval, 'FBGADEF1XXX', CURRENT_DATE); -- generate primary key by sequence AccntsSequ
insert into accounts VALUES (AccntsSequ.nextval, 'MARKDEF1500', CURRENT_DATE); -- generate primary key by sequence AccntsSequ
insert into accounts VALUES (AccntsSequ.nextval, 'AUSKDEFFXXX', CURRENT_DATE); -- generate primary key by sequence AccntsSequ
insert into accounts VALUES (AccntsSequ.nextval, 'ICBVDEFFXXX', CURRENT_DATE); -- generate primary key by sequence AccntsSequ
insert into accounts VALUES (AccntsSequ.nextval, 'SMHBDEFFXXX', CURRENT_DATE); -- generate primary key by sequence AccntsSequ
insert into accounts VALUES (AccntsSequ.nextval, 'ESSEDEFFHAM', CURRENT_DATE); -- generate primary key by sequence AccntsSequ